Workbook

Sheet Reste à faire
A1: Sentinel-X G1 — Reste à faire
A2: Mis à jour le 7 octobre 2026 · À remplir : colonnes Responsable, Statut et Notes (fond jaune). Statut = liste déroulante.
A4: # | B4: Priorité | C4: Échéance | D4: Brique | E4: Tâche | F4: Détail | G4: Responsable | H4: Statut | I4: Notes
A5: 1 | B5: Bloquant | C5: 46302 | D5: ESP | E5: Vraies lectures capteurs | F5: Remplacer les valeurs en dur par DHT22 (D5), MQ-2 (A0), PIR (D6) ; envoi toutes les 2 s au lieu de 50 s ; supprimer le delay() de la LED | G5: Matériel + ESP | H5: À faire
A6: 2 | B6: Bloquant | C6: 46302 | D6: ESP | E6: Finir le câblage + OLED | F6: Câbler DHT22, buzzer, MQ-2 (OLED fait, PIR en test) ; affichage OLED dans le firmware | G6: Matériel + ESP | H6: À faire
A7: 3 | B7: Bloquant | C7: 46302 | D7: Réseau | E7: Un seul point d'accès | F7: Choisir hotspot du PC (SENTINEL-DORA) OU iPhone ; mettre la bonne IP du broker dans l'ESP (le code vise 172.20.10.4) | G7: Matériel + ESP | H7: À faire
A8: 4 | B8: Bloquant | C8: 46302 | D8: IA vision | E8: YOLOv8n dans ai/app/main.py | F8: Compter les personnes, renvoyer les cadres et le temps de calcul (< 100 ms) ; caméra en 640×480 | G8: IA | H8: À faire
A9: 5 | B9: Bloquant | C9: 46302 | D9: Backend | E9: Alertes | F9: Table alerts + POST /api/alerts + diffusion WebSocket au dashboard | G9: Backend + dashboard | H9: À faire
A10: 6 | B10: Obligatoire | C10: 46303 | D10: IA anomalies | E10: Isolation Forest | F10: Service qui écoute la télémétrie MQTT, entraîne sur des données normales, envoie une alerte ANOMALY (pas de seuil fixe) | G10: IA | H10: À faire
A11: 7 | B11: Obligatoire | C11: 46303 | D11: Backend + ESP | E11: Commandes buzzer / LED | F11: Route API → MQTT sentinel/esp8266/cmd → l'ESP exécute | G11: Backend + ESP | H11: À faire
A12: 8 | B12: Obligatoire | C12: 46303 | D12: Dashboard | E12: Compléter le dashboard | F12: Flux vidéo avec cadres, liste des alertes, boutons buzzer/LED, statut en ligne / en alerte / hors ligne | G12: Backend + dashboard | H12: À faire
A13: 9 | B13: Obligatoire | C13: 46303 | D13: Cyber | E13: Chiffrement | F13: Mosquitto en TLS sur 8883, un compte par client, allow_anonymous false ; dashboard en HTTPS (nginx) | G13: Cyber + infra | H13: À faire
A14: 10 | B14: Obligatoire | C14: 46303 | D14: Cyber | E14: Pare-feu + secrets | F14: Pare-feu Windows : fermer 5432, 8080, 1883 ; retirer la clé JWT réelle de .env.example | G14: Cyber + infra | H14: À faire
A15: 11 | B15: Obligatoire | C15: 46303 | D15: Infra | E15: Supervision CPU / RAM | F15: node-exporter ou cAdvisor dans Prometheus + tableau Grafana ; ajouter /metrics au backend ou retirer la cible | G15: Cyber + infra | H15: À faire
A16: 12 | B16: Livrable | C16: 46304 | D16: Fablab | E16: Boîtier | F16: Découpe ou impression, puis montage | G16: Matériel + ESP | H16: À faire
... A20: 16 | B20: Livrable | C20: 46304 | D20: Démo | E20: Répétition | F20: Passer chaque test de recette au moins une fois | G20: Toute l'équipe | H20: À faire

Sheet Synthèse
A1: Avancement
A3: Priorité | B3: Total | C3: Fait | D3: En cours | E3: Bloqué | F3: À faire | G3: % fait
A4: Bloquant | B4: =COUNTIF('Reste à faire'!$B$5:$B$20,A4) -> 5 | C4: =COUNTIFS('Reste à faire'!$B$5:$B$20,$A4,'Reste à faire'!$H$5:$H$20,"Fait") -> 0 | D4: =COUNTIFS('Reste à faire'!$B$5:$B$20,$A4,'Reste à faire'!$H$5:$H$20,"En cours") -> 0 | E4: =COUNTIFS('Reste à faire'!$B$5:$B$20,$A4,'Reste à faire'!$H$5:$H$20,"Bloqué") -> 0 | F4: =COUNTIFS('Reste à faire'!$B$5:$B$20,$A4,'Reste à faire'!$H$5:$H$20,"À faire") -> 5 | G4: =IF(B4=0,0,C4/B4) -> 0
A5: Obligatoire | B5: =COUNTIF('Reste à faire'!$B$5:$B$20,A5) -> 6 | C5: =COUNTIFS('Reste à faire'!$B$5:$B$20,$A5,'Reste à faire'!$H$5:$H$20,"Fait") -> 0 | D5: =COUNTIFS('Reste à faire'!$B$5:$B$20,$A5,'Reste à faire'!$H$5:$H$20,"En cours") -> 0 | E5: =COUNTIFS('Reste à faire'!$B$5:$B$20,$A5,'Reste à faire'!$H$5:$H$20,"Bloqué") -> 0 | F5: =COUNTIFS('Reste à faire'!$B$5:$B$20,$A5,'Reste à faire'!$H$5:$H$20,"À faire") -> 6 | G5: =IF(B5=0,0,C5/B5) -> 0
A6: Livrable | B6: =COUNTIF('Reste à faire'!$B$5:$B$20,A6) -> 5 | C6: =COUNTIFS('Reste à faire'!$B$5:$B$20,$A6,'Reste à faire'!$H$5:$H$20,"Fait") -> 0 | D6: =COUNTIFS('Reste à faire'!$B$5:$B$20,$A6,'Reste à faire'!$H$5:$H$20,"En cours") -> 0 | E6: =COUNTIFS('Reste à faire'!$B$5:$B$20,$A6,'Reste à faire'!$H$5:$H$20,"Bloqué") -> 0 | F6: =COUNTIFS('Reste à faire'!$B$5:$B$20,$A6,'Reste à faire'!$H$5:$H$20,"À faire") -> 5 | G6: =IF(B6=0,0,C6/B6) -> 0
A7: Total | B7: =SUM(B4:B6) -> 16 | C7: =SUM(C4:C6) -> 0 | D7: =SUM(D4:D6) -> 0 | E7: =SUM(E4:E6) -> 0 | F7: =SUM(F4:F6) -> 16 | G7: =IF(B7=0,0,C7/B7) -> 0
A9: Calculé à partir de la colonne Statut de l'onglet « Reste à faire ».
